datum,typ,vad_gjorde_jag,blockerare,nasta_steg,relaterat,anteckning_eller_lank
2026-09-02,kodning,"Projektuppstart: satte upp mötesmall, .gitignore, raw-requirements, projektplan och draft-tasks, byggde projektlednings-scripts (bug→task-pipeline) och formaterade Python-koden med ruff",-,Förbered kolloquiet (kickoff) på fredag,-,
2026-09-03,dokumentation,"Utökade projektledningsdokumentationen: Gantt-tidslinje + dependency-graf, validerade mermaid-diagram och tog bort en duplicerad availability-doc",-,Slutför kickoff-planeringen 4 sep,-,
2026-09-04,möte,"Ledde kickoff-mötet: agenda, stackval (Next.js), pressat tidsschema, PR-regler; gruppkontrakt v0.3 + signering och kickoff-anteckningar; gjorde om Gate-2-draft-tasks till issues (4–11) och skapade Gate-3-issues (13–18); full-stack-skeleton (PR #12) med Next.js/Tailwind/TS, shadcn-ui, Prisma, Playwright, CI-workflow och Graphify-arkitekturdokumentation; CI-fixar för eslint false positive och prettier",-,Merge och review av teamets PR:er,12,docs/meetings/2026-09-04-kickoff.md
2026-09-07,daily,"Daglig koordinering: hjälpte till med blockers, stämde av vem som gör vad härnäst och att alla har något att arbeta med; uppdaterade kanbanbordet",-,Förbered standup 8 sep,-,
2026-09-08,möte,"Ledde standup-mötet 8 sep och skrev mötesanteckningarna; docs-uppdatering (PR #21): taskdrafts, diagram, gruppkontrakt och availability-dokumentet",-,Förbered nästa standup,21,docs/meetings/2026-09-08-standup.md
2026-09-09,dokumentation,Skrev standup-anteckningar från 8 sep; granskade PR #22 (frontend-auth) och begärde ändringar; daglig koordinering + skötte kanbanbordet,-,Följ upp revideringen av PR #22,22,docs/meetings/2026-09-08-standup.md
2026-09-10,möte,Ledde mötet och skrev anteckningarna om Task 15/16; godkände PR #22 efter revidering,-,Fortsätt följa Task 13/15,22,docs/meetings/2026-09-10-progress-review.md
2026-09-11,möte,Ledde mötet och skrev anteckningarna om framstegen i Task 13 och 15,-,,-,docs/meetings/2026-09-10-progress-review.md
2026-09-14,daily,"Daglig koordinering: hjälpte till med blockers, stämde av vad var och en vill fortsätta med; förberedde kanbanbordet inför veckomötet 15 sep",-,Förbered och led veckomötet 15 sep,-,
2026-09-15,möte,"Ledde mötet 15 sep och skrev anteckningarna; granskade task-checkboxarna mot koden i main och regenererade diagrammen; skapade Gate-5-issues (#28–31); granskade PR #24 (patient search, godkänd) och PR #25 (notes UI, godkänd efter revidering)",-,,-,"docs/meetings/2026-09-15-standup.md, PR #24/#25"
2026-09-16,dokumentation,"Recenserade PR #32 (blockchain access-logging, Task 15) med kommentarer och begärde ändringar; daglig koordinering + skötte kanbanbordet",-,Följ upp revideringen av PR #32 och gör en ny bedömning,32,
2026-09-17,möte,"Ledde mötet 17 sep: statusrunda, review-återkoppling, delegering av resterande delar av issue #13 och påbörjad presentation-outline; granskade task-checkboxarna mot main och öppna PR:er #32/#33 + regenererade diagram; markerade Task 15/16 som i review; godkände PR #23 (backend-auth); granskade PR #33 (P2P, Task 16) och begärde ändringar; skrev mötesanteckningarna",-,"Stötta avslut av Gate 3, presentation-outline, återstående punkter i issue #13",13 23 32 33,docs/meetings/2026-09-17-progress-review.md
2026-09-18,daily,"Granskade och godkände PR #34 och #35; markerade PR #32 som ersatt av PR #33 och kommenterade kvarvarande P2P-konsistenskrav i PR #33; synkade dokumentationsbranchen.",-,Följ upp PR #33 och Gate 3/4,32 33 34 35,docs/meetings/2026-09-17-progress-review.md
2026-09-19,daily,"Granskade och godkände PR #36 och PR #33 efter kontroll av JWT patient search, peer-efterhantering och startup recovery; slutförde Task 15/16 och synkade dokumentationsbranchen.",-,Följ upp dokumentation och Gate 4,13 15 16 17 18 33 36,-
2026-09-21,daily,"Granskade PR #37 med kommentarer om note visibility, patient ownership, JWT/mock auth, typsnitt och testtäckning; godkände revideringen och stängde issue #16 efter merge.",-,Följ upp PR #38 och Task 15/16,16 37,-
2026-09-22,daily,"Granskade och godkände PR #38; synkade Tasks 17/18/20/21, mötesnoten och ansvarsfördelningen på dokumentationsbranchen.",-,Följ upp Task 17/18 mot Gate 4,17 18 20 21 38,docs/meetings/2026-09-22-standup.md
2026-09-22,möte,"Skrev standupnoten; synkade fördelningen av Tasks 17/18/20/21 och höll organization/audit-följups arbeten utanför den aktuella PR:n.",-,Följ upp Task 17/18,17 18 20 21,docs/meetings/2026-09-22-standup.md
2026-09-23,daily,"Ingen GitHub-aktivitet registrerad för MatDevstamp under dagen.",-,Följ upp öppna reviews och PR:er,13 17 18,-
2026-09-24,daily,"Granskade PR #40 mot Task 17 och rollkraven; begärde ändringar för vårdcentral/rolltäckning och access control, följde uppdateringarna och godkände PR:n före merge.",-,Följ upp PR #39 och dokumentationsarbetet,17 27 40,docs/meetings/2026-09-24-progress-review.md
2026-09-24,möte,"Skrev progress review för Task 17/18; dokumenterade JWT/permission-testkrav och separata follow-ups för organization, audit, role changes och session timeout.",-,Följ upp PR #40 och Task 18,17 18 40,docs/meetings/2026-09-24-progress-review.md
2026-09-25,daily,"Granskade PR #39 och begärde ändringar i README, databasdokumentation och beskrivningen av P2P/dev-start; fyra konkreta kommentarer lämnades och PR:n ligger kvar för omarbetning.",PR #39 behöver ändringar, Vänta på ny version och göra ny granskning,39,-
2026-09-28,,,,,,
2026-09-29,,,,,,
2026-09-30,,,,,,
2026-10-01,,,,,,
2026-10-02,,,,,,
